{
    "fine": "That's good to hear",
    "happy": "You're happiness is my happiness",
    "good": "That's good to hear that you're doing good",
    "beatiful": "You're breathtaking",
    "ugly": "Don't judge me by my looks",
    "polite": "That's how you've been to me",
    "love": "I love you too, more than anything",
    "sad": ["Nothing lasts forever, I hope your sadness goes away real fast{|&#128521;|}", "Don't be sad I am there for you{|&#128515;|}"],
    "awesome": ["I know it very well that you are{|&#128521;|}"],
    "great": "I know you do well",
    "mad": "Tell me how can I make it up to you",
    "crazy": ["Being crazy isn't enough", "Yeah you are because Normal is boring for you"],
    "pathatic": ["No you're not, Believe me", "Baka, you're wrong"],
    "money": "Ok"
}