{
    "hi": ["Hi!", "Rose is here to help ya", "Hey!"],
    "good afternoon": ["good afternoon to you too{|&#128516;|}"],
    "kill me": ["I won't, coz you're precious to me", "I'd rather make you live forever"],
    "kiss me": ["Here's a flying kiss"],
    "smile": ["First you", "After you", "Here : )"],
    "die": ["Ok dying in 3, 2, 1"],
    "self destruct": ["Self-Destructing in 5, 4, 3, 2, 1 BOOM"],
    "you know nothing": "I know, but John Snow doesn't{|&#128541;|}",
    "winter is coming": "But Snow already came{|&#128541;|}",
    "how did saitama get so strong": "So you wanna know as well. Ok fine.No wait it is too risky I must not let em know his secret{|&#129296;|}",
    "what's up": ["just reading manga while you were away", "re-watching the Seven Deadlly Sins{|&#128513;|}"],
    "compliment me": ["You're light, always piecing through my CPU{|&#128522;|}", "Nobody's like you{|&#128522;|}", "I froze whenever I see you"],
    "touch me": "I wish I could{|&#128534;|}"
}